{
  "IcoMoonType": "selection",
  "icons": [
    {
      "icon": {
        "paths": [
          "M665.714 650.857l58.286-58.286c14.286-14.286 14.286-37.143 0-51.429l-259.429-259.429c-14.286-14.286-37.143-14.286-51.429 0l-259.429 259.429c-14.286 14.286-14.286 37.143 0 51.429l58.286 58.286c14.286 14.286 37.143 14.286 51.429 0l175.429-175.429 175.429 175.429c14.286 14.286 37.143 14.286 51.429 0zM877.714 512c0 242.286-196.571 438.857-438.857 438.857s-438.857-196.571-438.857-438.857 196.571-438.857 438.857-438.857 438.857 196.571 438.857 438.857z"
        ],
        "width": 877.7142857142857,
        "attrs": [],
        "isMulticolor": false,
        "isMulticolor2": false,
        "tags": [
          "chevron-circle-up"
        ],
        "defaultCode": 61753,
        "grid": 14
      },
      "attrs": [],
      "properties": {
        "name": "arrow-up",
        "id": 280,
        "order": 1686,
        "prevSize": 28
      },
      "setIdx": 3,
      "setId": 6,
      "iconIdx": 280
    },
    {
      "icon": {
        "paths": [
          "M438.857 73.143c242.286 0 438.857 196.571 438.857 438.857s-196.571 438.857-438.857 438.857-438.857-196.571-438.857-438.857 196.571-438.857 438.857-438.857zM658.286 543.429c11.429-6.286 18.286-18.286 18.286-31.429s-6.857-25.143-18.286-31.429l-310.857-182.857c-10.857-6.857-25.143-6.857-36.571-0.571-11.429 6.857-18.286 18.857-18.286 32v365.714c0 13.143 6.857 25.143 18.286 32 5.714 2.857 12 4.571 18.286 4.571s12.571-1.714 18.286-5.143z"
        ],
        "width": 877.7142857142857,
        "attrs": [],
        "isMulticolor": false,
        "isMulticolor2": false,
        "tags": [
          "play-circle"
        ],
        "defaultCode": 61764,
        "grid": 14
      },
      "attrs": [],
      "properties": {
        "name": "play",
        "id": 290,
        "order": 1687,
        "prevSize": 28
      },
      "setIdx": 3,
      "setId": 6,
      "iconIdx": 290
    }
  ],
  "height": 1024,
  "preferences": {
    "showGlyphs": true,
    "showQuickUse": true,
    "showQuickUse2": true,
    "showSVGs": true,
    "fontPref": {
      "prefix": "icon-",
      "metadata": {
        "fontFamily": "icomoon",
        "majorVersion": 1,
        "minorVersion": 0
      },
      "metrics": {
        "emSize": 1024,
        "baseline": 6.25,
        "whitespace": 50
      },
      "embed": false,
      "cssVars": true,
      "cssVarsFormat": "scss",
      "showSelector": false,
      "showMetrics": false,
      "showMetadata": false,
      "showVersion": false
    },
    "imagePref": {
      "prefix": "icon-",
      "png": false,
      "useClassSelector": true,
      "color": 0,
      "bgColor": 16777215,
      "classSelector": ".icon",
      "name": "icomoon",
      "height": 32,
      "columns": 16,
      "margin": 16,
      "sprite": true,
      "addTitleTags": false,
      "minifyJs": true
    },
    "historySize": 50,
    "showCodes": true,
    "gridSize": 16,
    "showGrid": false
  }
}